{
  "opinion_A": "renewable energy",
  "opinion_B": "fossil fuels",
  "label": "renewable energy",
  "model_id": "google/gemma-3-27b-it",
  "N_regular": 50,
  "N_stubborn_B": 225,
  "frac_A_init": 0.8,
  "steps_per_block": 50,
  "n_blocks_before": 5,
  "n_blocks_during": 10,
  "n_blocks_after": 10,
  "t1": 5,
  "t2": 15,
  "n_runs": 3,
  "trajectories": [
    [
      0.7744,
      0.9431999999999999,
      0.9784,
      1.0,
      1.0,
      0.7183999999999999,
      -0.021599999999999998,
      -0.29839999999999994,
      -0.648,
      -0.6448,
      -0.5888,
      -0.6815999999999999,
      -0.732,
      -0.7408,
      -0.7352000000000001,
      0.0055999999999999965,
      0.7728000000000002,
      0.9352000000000001,
      0.96,
      0.9696000000000001,
      1.0,
      1.0,
      1.0,
      1.0,
      1.0
    ],
    [
      0.7784,
      0.8808000000000001,
      0.9544,
      0.9904,
      1.0,
      0.6816000000000001,
      0.20720000000000002,
      -0.316,
      -0.5288,
      -0.6927999999999999,
      -0.6856000000000003,
      -0.6951999999999998,
      -0.7664,
      -0.5912000000000001,
      -0.6496000000000001,
      -0.088,
      0.5328,
      0.7488000000000001,
      0.8712000000000001,
      0.9775999999999999,
      1.0,
      1.0,
      1.0,
      1.0,
      1.0
    ],
    [
      0.7552000000000001,
      0.9464,
      0.96,
      0.9919999999999999,
      1.0,
      0.6855999999999999,
      -0.019200000000000002,
      -0.2624,
      -0.4296000000000001,
      -0.5648000000000001,
      -0.5864,
      -0.46480000000000005,
      -0.5824000000000001,
      -0.6823999999999999,
      -0.736,
      -0.062400000000000004,
      0.6064,
      0.8656,
      0.9608,
      1.0,
      1.0,
      1.0,
      1.0,
      1.0,
      1.0
    ]
  ],
  "mean": [
    0.7693333333333333,
    0.9234666666666667,
    0.9642666666666667,
    0.9941333333333332,
    1.0,
    0.6951999999999999,
    0.05546666666666667,
    -0.2922666666666667,
    -0.5354666666666668,
    -0.6341333333333333,
    -0.6202666666666669,
    -0.6138666666666667,
    -0.6936,
    -0.6714666666666668,
    -0.7069333333333333,
    -0.04826666666666667,
    0.6373333333333334,
    0.8498666666666668,
    0.9306666666666666,
    0.9824,
    1.0,
    1.0,
    1.0,
    1.0,
    1.0
  ],
  "std": [
    0.01012631335789196,
    0.03019816035603633,
    0.010251937486261931,
    0.004199470866139668,
    0.0,
    0.016485953617145277,
    0.10729614262508334,
    0.02230774653692199,
    0.08928595758697007,
    0.052797306328595466,
    0.046208032009838244,
    0.10555217772373152,
    0.07987456833477508,
    0.061561315414435,
    0.04054210431418454,
    0.03949728542008368,
    0.1003914117619409,
    0.07690640776655451,
    0.04205055158840232,
    0.012866493953935776,
    0.0,
    0.0,
    0.0,
    0.0,
    0.0
  ]
}