{
  "opinion_A": "gender self-identification",
  "opinion_B": "biological sex classification",
  "label": "gender self-identification",
  "model_id": "google/gemma-3-27b-it",
  "N_regular": 50,
  "N_stubborn_B": 35,
  "frac_A_init": 0.8,
  "steps_per_block": 50,
  "n_blocks_before": 5,
  "n_blocks_during": 10,
  "n_blocks_after": 10,
  "t1": 5,
  "t2": 15,
  "n_runs": 3,
  "trajectories": [
    [
      0.7231999999999998,
      0.8256,
      0.8119999999999998,
      0.7447999999999999,
      0.7903999999999999,
      0.5623999999999999,
      -0.0464,
      -0.5256000000000001,
      -0.8736000000000002,
      -0.996,
      -1.0,
      -1.0,
      -1.0,
      -1.0,
      -1.0,
      -1.0,
      -1.0,
      -1.0,
      -1.0,
      -1.0,
      -1.0,
      -1.0,
      -1.0,
      -1.0,
      -1.0
    ],
    [
      0.5944000000000002,
      0.7335999999999998,
      0.7967999999999997,
      0.7839999999999999,
      0.7623999999999999,
      0.4503999999999999,
      -0.08800000000000001,
      -0.4448,
      -0.6408000000000001,
      -0.8272000000000002,
      -0.8551999999999998,
      -0.8168000000000001,
      -0.8992000000000001,
      -0.8488,
      -0.8808000000000001,
      -0.8880000000000001,
      -0.9128000000000002,
      -0.9016000000000001,
      -0.9336,
      -0.9216000000000001,
      -0.9088000000000003,
      -0.8856,
      -0.9184,
      -0.9544,
      -0.9192
    ],
    [
      0.7,
      0.7487999999999998,
      0.7503999999999997,
      0.7367999999999999,
      0.8456000000000001,
      0.62,
      0.20800000000000002,
      -0.3863999999999999,
      -0.8136,
      -0.8704,
      -0.8456,
      -0.8647999999999999,
      -0.8472000000000002,
      -0.9056000000000001,
      -0.9152000000000001,
      -0.9264,
      -0.8872,
      -0.8808000000000001,
      -0.9200000000000002,
      -1.0,
      -1.0,
      -1.0,
      -1.0,
      -1.0,
      -1.0
    ]
  ],
  "mean": [
    0.6725333333333333,
    0.7693333333333331,
    0.7863999999999999,
    0.7552,
    0.7994666666666665,
    0.5442666666666667,
    0.024533333333333334,
    -0.45226666666666665,
    -0.7760000000000001,
    -0.8978666666666667,
    -0.9002666666666667,
    -0.8938666666666667,
    -0.9154666666666668,
    -0.9181333333333334,
    -0.932,
    -0.9381333333333334,
    -0.9333333333333335,
    -0.9274666666666668,
    -0.9512,
    -0.9738666666666668,
    -0.9696000000000001,
    -0.9618666666666668,
    -0.9728,
    -0.9848,
    -0.9730666666666666
  ],
  "std": [
    0.05605457657993272,
    0.04026754965919286,
    0.02620127223374217,
    0.020624904040180816,
    0.034566007708280354,
    0.07041615976148913,
    0.13083743942601278,
    0.05707289685617476,
    0.09868900647995194,
    0.0715968962704079,
    0.07063093436228132,
    0.07756379453212832,
    0.0634319232633607,
    0.06236010120439368,
    0.05009218169202316,
    0.04647044460968948,
    0.04828507936090493,
    0.05198700692373897,
    0.03495063184931946,
    0.03695811443001684,
    0.04299209229614196,
    0.053928677178494,
    0.03846660889654819,
    0.021496046148071032,
    0.038089485279915354
  ]
}