{
  "opinion_A": "renewable energy",
  "opinion_B": "fossil fuels",
  "label": "renewable energy",
  "model_id": "google/gemma-3-27b-it",
  "N_regular": 50,
  "N_stubborn_B": 200,
  "frac_A_init": 0.8,
  "steps_per_block": 50,
  "n_blocks_before": 5,
  "n_blocks_during": 10,
  "n_blocks_after": 10,
  "t1": 5,
  "t2": 15,
  "n_runs": 3,
  "trajectories": [
    [
      0.7407999999999998,
      0.8768,
      0.9592,
      0.96,
      0.96,
      0.7927999999999998,
      0.628,
      0.31279999999999997,
      0.05279999999999999,
      -0.11840000000000002,
      -0.4504000000000001,
      -0.4096,
      -0.6288000000000001,
      -0.6464,
      -0.64,
      -0.03840000000000001,
      0.6312,
      0.9064000000000001,
      0.9936,
      1.0,
      1.0,
      1.0,
      1.0,
      1.0,
      1.0
    ],
    [
      0.7624000000000001,
      0.9408,
      1.0,
      1.0,
      1.0,
      0.9192,
      0.8016,
      0.648,
      0.5088,
      0.32159999999999994,
      0.2088,
      -0.0424,
      -0.37120000000000003,
      -0.4808,
      -0.5696,
      0.0232,
      0.7384000000000001,
      0.8744000000000001,
      0.9231999999999999,
      0.9712000000000001,
      1.0,
      1.0,
      1.0,
      1.0,
      1.0
    ],
    [
      0.7664,
      0.9616,
      1.0,
      1.0,
      1.0,
      0.7104,
      0.6288,
      0.5776,
      0.6232000000000001,
      0.43599999999999994,
      -0.0288,
      -0.32,
      -0.5576000000000001,
      -0.6024,
      -0.5928000000000001,
      -0.056000000000000015,
      0.6184000000000001,
      0.8640000000000001,
      0.9824,
      1.0,
      1.0,
      1.0,
      1.0,
      1.0,
      1.0
    ]
  ],
  "mean": [
    0.7565333333333332,
    0.9264000000000001,
    0.9864,
    0.9866666666666667,
    0.9866666666666667,
    0.8074666666666666,
    0.6861333333333333,
    0.5128,
    0.39493333333333336,
    0.21306666666666663,
    -0.09013333333333336,
    -0.25733333333333336,
    -0.5192000000000001,
    -0.5765333333333333,
    -0.6008,
    -0.023733333333333342,
    0.6626666666666667,
    0.8816,
    0.9664,
    0.9904000000000001,
    1.0,
    1.0,
    1.0,
    1.0,
    1.0
  ],
  "std": [
    0.011244356609231043,
    0.03608582362461284,
    0.019233304448274067,
    0.018856180831641284,
    0.018856180831641284,
    0.08587080735357946,
    0.08164791621481972,
    0.1443122540419443,
    0.24639163044948498,
    0.23899017181093915,
    0.2725894267126947,
    0.15632080973291929,
    0.10861356575799672,
    0.07003643496225534,
    0.02929209222071149,
    0.03395578824818467,
    0.05380590632593746,
    0.01804291181230643,
    0.030887322102549946,
    0.013576450198781682,
    0.0,
    0.0,
    0.0,
    0.0,
    0.0
  ]
}