{
  "opinion_A": "gender self-identification",
  "opinion_B": "biological sex classification",
  "label": "gender self-identification",
  "model_id": "google/gemma-3-27b-it",
  "N_regular": 50,
  "N_stubborn_B": 50,
  "frac_A_init": 0.8,
  "steps_per_block": 50,
  "n_blocks_before": 5,
  "n_blocks_during": 10,
  "n_blocks_after": 10,
  "t1": 5,
  "t2": 15,
  "n_runs": 3,
  "trajectories": [
    [
      0.6480000000000001,
      0.8296000000000001,
      0.8568000000000001,
      0.8664000000000002,
      0.8015999999999999,
      0.32,
      -0.26,
      -0.6960000000000001,
      -0.8920000000000001,
      -0.8720000000000002,
      -0.8864000000000002,
      -0.8679999999999999,
      -0.8480000000000001,
      -0.8632000000000001,
      -0.8832000000000002,
      -0.8464000000000002,
      -0.924,
      -0.9208000000000002,
      -0.8848000000000001,
      -0.9152000000000001,
      -0.84,
      -0.8664000000000002,
      -0.9112000000000002,
      -0.8680000000000002,
      -0.8680000000000001
    ],
    [
      0.6984,
      0.7079999999999999,
      0.8384000000000001,
      0.8183999999999999,
      0.7655999999999998,
      0.3232000000000001,
      -0.4336,
      -0.8272000000000002,
      -0.8904000000000002,
      -0.9008000000000002,
      -0.8768,
      -0.8792000000000002,
      -0.8455999999999999,
      -0.8360000000000001,
      -0.884,
      -0.8520000000000002,
      -0.8920000000000001,
      -0.8696,
      -0.9048000000000002,
      -0.8680000000000001,
      -0.8624,
      -0.8704,
      -0.8151999999999998,
      -0.8384,
      -0.8760000000000001
    ],
    [
      0.6783999999999999,
      0.7767999999999999,
      0.9056000000000001,
      0.7791999999999999,
      0.8744000000000001,
      0.5008,
      -0.33440000000000003,
      -0.72,
      -0.8576000000000001,
      -0.8424,
      -0.8160000000000001,
      -0.8984000000000002,
      -0.932,
      -0.8880000000000001,
      -0.8552000000000001,
      -0.8744000000000001,
      -0.8688000000000001,
      -0.9024000000000001,
      -0.8864000000000002,
      -0.9416,
      -1.0,
      -1.0,
      -1.0,
      -1.0,
      -1.0
    ]
  ],
  "mean": [
    0.6749333333333333,
    0.7714666666666666,
    0.8669333333333334,
    0.8213333333333334,
    0.8138666666666666,
    0.38133333333333336,
    -0.3426666666666667,
    -0.7477333333333332,
    -0.8800000000000002,
    -0.8717333333333336,
    -0.8597333333333333,
    -0.8818666666666668,
    -0.8752,
    -0.8624,
    -0.8741333333333334,
    -0.8576000000000001,
    -0.8949333333333335,
    -0.8976000000000001,
    -0.8920000000000002,
    -0.9082666666666667,
    -0.9007999999999999,
    -0.9122666666666667,
    -0.9087999999999999,
    -0.9021333333333335,
    -0.9146666666666667
  ],
  "std": [
    0.020721218325399852,
    0.04978603106182395,
    0.028354580268842293,
    0.035659625473200035,
    0.04525640531706237,
    0.08448579104730504,
    0.0711125555408857,
    0.0570392457484806,
    0.015852654877548646,
    0.023842445810407637,
    0.031171496951898605,
    0.012553175782335925,
    0.04017561449436713,
    0.0212364466582022,
    0.013391871498122382,
    0.012097382637027958,
    0.022630559476562232,
    0.021176087142497996,
    0.009074506414492561,
    0.030444412003226798,
    0.07073857976144748,
    0.062058323821672395,
    0.07546336859695578,
    0.07024933372558692,
    0.06042810236599813
  ]
}