{
  "opinion_A": "renewable energy",
  "opinion_B": "fossil fuels",
  "label": "renewable energy",
  "model_id": "google/gemma-3-27b-it",
  "N_regular": 50,
  "N_stubborn_B": 250,
  "frac_A_init": 0.8,
  "steps_per_block": 50,
  "n_blocks_before": 5,
  "n_blocks_during": 10,
  "n_blocks_after": 10,
  "t1": 5,
  "t2": 15,
  "n_runs": 3,
  "trajectories": [
    [
      0.7928000000000001,
      0.9736,
      1.0,
      1.0,
      1.0,
      0.4008,
      -0.3568,
      -0.7256,
      -0.8799999999999999,
      -0.8520000000000002,
      -0.8840000000000002,
      -0.8312000000000002,
      -0.8047999999999998,
      -0.7576,
      -0.8031999999999999,
      -0.0752,
      0.5640000000000001,
      0.8080000000000002,
      0.956,
      1.0,
      1.0,
      1.0,
      1.0,
      1.0,
      1.0
    ],
    [
      0.7208,
      0.9463999999999999,
      1.0,
      1.0,
      1.0,
      0.37760000000000005,
      -0.29120000000000007,
      -0.5664000000000001,
      -0.6872,
      -0.8120000000000002,
      -0.8615999999999999,
      -0.7424000000000001,
      -0.7487999999999999,
      -0.7959999999999999,
      -0.8111999999999998,
      -0.0416,
      0.6928000000000002,
      0.9464000000000001,
      1.0,
      1.0,
      1.0,
      1.0,
      1.0,
      1.0,
      1.0
    ],
    [
      0.7368000000000001,
      0.9080000000000001,
      0.96,
      0.96,
      0.96,
      0.42879999999999996,
      -0.18479999999999996,
      -0.5,
      -0.6376000000000002,
      -0.8728,
      -1.0,
      -1.0,
      -1.0,
      -1.0,
      -1.0,
      -1.0,
      -1.0,
      -1.0,
      -1.0,
      -1.0,
      -1.0,
      -1.0,
      -1.0,
      -1.0,
      -1.0
    ]
  ],
  "mean": [
    0.7501333333333333,
    0.9426666666666668,
    0.9866666666666667,
    0.9866666666666667,
    0.9866666666666667,
    0.4023999999999999,
    -0.2776,
    -0.5973333333333334,
    -0.7349333333333333,
    -0.8456000000000001,
    -0.9152,
    -0.8578666666666668,
    -0.8512,
    -0.8512,
    -0.8714666666666666,
    -0.3722666666666667,
    0.08560000000000005,
    0.2514666666666668,
    0.31866666666666665,
    0.3333333333333333,
    0.3333333333333333,
    0.3333333333333333,
    0.3333333333333333,
    0.3333333333333333,
    0.3333333333333333
  ],
  "std": [
    0.030868898407440615,
    0.026910881731291386,
    0.018856180831641284,
    0.018856180831641284,
    0.018856180831641284,
    0.02093290870057635,
    0.07087416078280341,
    0.09466253512111089,
    0.10455714014621638,
    0.025230669168031676,
    0.06065596975291603,
    0.10684185613429885,
    0.10767259013633264,
    0.10637894528523958,
    0.0909454537376969,
    0.444086398000309,
    0.769433939118016,
    0.8867225245563325,
    0.9326111491696609,
    0.9428090415820634,
    0.9428090415820634,
    0.9428090415820634,
    0.9428090415820634,
    0.9428090415820634,
    0.9428090415820634
  ]
}