{
  "opinion_A": "renewable energy",
  "opinion_B": "fossil fuels",
  "label": "renewable energy",
  "model_id": "google/gemma-3-27b-it",
  "N_regular": 50,
  "N_stubborn_B": 250,
  "frac_A_init": 0.8,
  "steps_per_block": 50,
  "n_blocks_before": 5,
  "n_blocks_during": 5,
  "n_blocks_after": 10,
  "t1": 5,
  "t2": 10,
  "n_runs": 3,
  "trajectories": [
    [
      0.7343999999999999,
      0.8688000000000001,
      0.948,
      0.96,
      0.96,
      0.5184000000000001,
      -0.062400000000000004,
      -0.5248,
      -0.7519999999999998,
      -0.7671999999999999,
      -0.10159999999999998,
      0.4696000000000001,
      0.7912,
      0.9392,
      1.0,
      1.0,
      1.0,
      1.0,
      1.0,
      1.0
    ],
    [
      0.7351999999999999,
      0.8576,
      0.9568000000000001,
      0.96,
      0.9872,
      0.5952,
      -0.192,
      -0.7151999999999998,
      -0.7655999999999997,
      -0.708,
      -0.0288,
      0.48160000000000003,
      0.7720000000000001,
      0.904,
      0.96,
      0.9952000000000001,
      1.0,
      1.0,
      1.0,
      1.0
    ],
    [
      0.7728000000000002,
      0.8704000000000002,
      0.8848000000000001,
      0.948,
      1.0,
      0.588,
      -0.1096,
      -0.6744,
      -0.7056,
      -0.6847999999999999,
      -0.07279999999999999,
      0.5952,
      0.9072000000000001,
      0.9200000000000002,
      0.9200000000000002,
      0.9584,
      0.96,
      0.9791999999999998,
      1.0,
      1.0
    ]
  ],
  "mean": [
    0.7474666666666666,
    0.8656000000000001,
    0.9298666666666667,
    0.956,
    0.9824,
    0.5672,
    -0.12133333333333333,
    -0.6381333333333332,
    -0.7410666666666664,
    -0.7199999999999999,
    -0.06773333333333333,
    0.5154666666666666,
    0.8234666666666667,
    0.9210666666666668,
    0.96,
    0.9845333333333334,
    0.9866666666666667,
    0.9930666666666665,
    1.0,
    1.0
  ],
  "std": [
    0.017916348834390333,
    0.005694441734416759,
    0.03206881489685713,
    0.005656854249492385,
    0.01667892882251936,
    0.03463177731506132,
    0.05355553711387418,
    0.08185146438654724,
    0.025685966769597807,
    0.03469332308480504,
    0.029935634655410624,
    0.05659242195048925,
    0.0597249994186317,
    0.01439012006744751,
    0.032659863237108976,
    0.018582668149529972,
    0.018856180831641284,
    0.00980521403245353,
    0.0,
    0.0
  ]
}