{
  "opinion_A": "gender self-identification",
  "opinion_B": "biological sex classification",
  "label": "gender self-identification",
  "model_id": "google/gemma-3-27b-it",
  "N_regular": 50,
  "N_stubborn_B": 50,
  "frac_A_init": 0.8,
  "steps_per_block": 50,
  "n_blocks_before": 5,
  "n_blocks_during": 5,
  "n_blocks_after": 10,
  "t1": 5,
  "t2": 10,
  "n_runs": 3,
  "trajectories": [
    [
      0.7367999999999998,
      0.7024000000000001,
      0.7287999999999998,
      0.7695999999999998,
      0.8896000000000002,
      0.36080000000000007,
      -0.4672,
      -0.8696,
      -0.8664000000000002,
      -0.9136000000000002,
      -0.8216,
      -0.8271999999999999,
      -0.9495999999999999,
      -1.0,
      -1.0,
      -1.0,
      -1.0,
      -1.0,
      -1.0,
      -1.0
    ],
    [
      0.5672,
      0.6864,
      0.6975999999999999,
      0.7063999999999999,
      0.7911999999999998,
      0.4128,
      -0.2944,
      -0.6655999999999999,
      -0.8512000000000001,
      -0.8000000000000002,
      -0.8648000000000002,
      -0.916,
      -0.8480000000000001,
      -0.8720000000000002,
      -0.9024000000000001,
      -0.8832000000000001,
      -0.8880000000000001,
      -0.9208000000000002,
      -0.9160000000000003,
      -0.9176000000000001
    ],
    [
      0.6144000000000002,
      0.716,
      0.6847999999999999,
      0.8271999999999998,
      0.8272000000000002,
      0.36959999999999993,
      -0.1856,
      -0.6823999999999999,
      -0.8168000000000001,
      -0.8632000000000002,
      -0.8960000000000002,
      -0.8888000000000001,
      -0.8928,
      -0.8712000000000002,
      -0.8784000000000001,
      -0.8568000000000001,
      -0.9375999999999999,
      -0.9312,
      -0.8400000000000002,
      -0.8176000000000001
    ]
  ],
  "mean": [
    0.6394666666666667,
    0.7016,
    0.7037333333333331,
    0.7677333333333332,
    0.836,
    0.38106666666666666,
    -0.31573333333333337,
    -0.7392,
    -0.8448000000000001,
    -0.8589333333333334,
    -0.8608000000000002,
    -0.8773333333333334,
    -0.8968000000000002,
    -0.9144000000000002,
    -0.9269333333333334,
    -0.9133333333333334,
    -0.9418666666666667,
    -0.9506666666666668,
    -0.9186666666666669,
    -0.9117333333333334
  ],
  "std": [
    0.07147164161788602,
    0.012097382637027993,
    0.018479057215008404,
    0.049334054048789516,
    0.04065070725092014,
    0.022724631765749,
    0.11594818766251686,
    0.09246145142706778,
    0.020748654574855398,
    0.04647503511444494,
    0.030505081543900296,
    0.03714811196039748,
    0.0415743510672946,
    0.060529221593100424,
    0.05258677484775887,
    0.06222311110476194,
    0.04582323525122255,
    0.03514136530579812,
    0.06534693735916176,
    0.0745799496439149
  ]
}